2020-12-02 06:33:56,Bertempat di kantor Desa Jipang  kec. Bontonompo Selatan kab. Gowa Serda Muh. Nur (Babinsa Desa Jipang Koramil 1409‚Ä¶ https://t.co/nKmLTVrycE,KODIM_1409
2020-12-02 06:33:54,"RT @RETHA_Monicaa: Utk mempersiapkan vaksinasi Covid-19 di Indonesia, Kementerian Kesehatan telah melatih 7.000 dari 23.000 tenaga kesehata‚Ä¶",arintiafeni
2020-12-02 06:33:52,"RT @JPenerangan: Jangan bersalaman dan bersentuhan termasuk melagakan anggota badan, elakkan sentuhan fizikal. Mari bersama hentikan wabak‚Ä¶",ZairinZin
2020-12-02 06:33:50,"RT @Amal_Alghozali: Sing ati2, lurr. Covid sangat berbahaya. https://t.co/GZAAaf4Je9",jumainali
2020-12-02 06:33:49,"RT @jitoe02: PA 212 ancam bawa massa jika Rizieq diperiksa karena mengadakan kerumunan yg melanggar protokol kesehatan.
Polisi akan bertind‚Ä¶",arintiafeni
2020-12-02 06:33:46,RT @Ronnie_Rusli: Semua yang namanya AC Central Gedung atau Mall adalah alat yg tidak pernah diprakirakan sebagai alat sirkulasi Virus Covi‚Ä¶,kunBRYANSMITH
2020-12-02 06:33:41,"RT @Tribrata_RL: Untuk masyarakat yang memiliki suhu diatas 37‚Ä¢C dan bagi pasien Covid-19 tetap dapat melakukn hak pilihnya. 
Karena di set‚Ä¶",hendragun123
2020-12-02 06:33:40,RT @republikaonline: Saudi dinilai berhasil mengendalikan penyebaran Covid-19 dengan aturan yang ketat https://t.co/3CrV2o02EH,marsuditri
2020-12-02 06:33:39,"RT @MaspiyuO: Dikecam Luas Netizen, Komisaris BUMN @pelni162 @kangdede78  Yang Ajak Warga DKI Bersyukur Anies Kena Covid, Akhirnya Ngacir H‚Ä¶",vicividivini
2020-12-02 06:33:38,"RT @MaspiyuO: Dikecam Luas Netizen, Komisaris BUMN @pelni162 @kangdede78  Yang Ajak Warga DKI Bersyukur Anies Kena Covid, Akhirnya Ngacir H‚Ä¶",kusanagiD49
2020-12-02 06:33:35,"RT @MaspiyuO: Dikecam Luas Netizen, Komisaris BUMN @pelni162 @kangdede78  Yang Ajak Warga DKI Bersyukur Anies Kena Covid, Akhirnya Ngacir H‚Ä¶",Ibnxine
2020-12-02 06:33:34,"RT @JPenerangan: Situasi Semasa COVID-19 di Malaysia, 30 November 2020

Sumber: @KKMPutrajaya

#COVID19
#KitaTeguhKitaMenang
#KomunikasiKit‚Ä¶",ZairinZin
2020-12-02 06:33:33,"Rizieq Shihab tertutup soal penelusuran covid-19, dapat dikenai sanksi tegas ?

Rijik FPI Provokator Pandemi‚Ä¶ https://t.co/XRSKasS3jG",jitoe02
2020-12-02 06:33:31,RT @erdina_zullaika: Hospital batu pahat akan digunakan untuk hospital covid bermula malam ini. Hospital permai dan kluang dah penuh. Yang‚Ä¶,saidatulshairah
2020-12-02 06:33:31,Personil Koramil 07/ Tompobulu bersama melaksanakan Operasi Yustisi Penegakan Disiplin Protokol Kesehatan Covid - 1‚Ä¶ https://t.co/euQxOJV8LP,KODIM_1409
2020-12-02 06:33:30,RT @erdina_zullaika: Hospital batu pahat akan digunakan untuk hospital covid bermula malam ini. Hospital permai dan kluang dah penuh. Yang‚Ä¶,IzznulAdam
2020-12-02 06:33:29,"RT @JPenerangan: Kementerian Komunikasi dan Multimedia (KKMM) sedang menambah baik penyampaian mesej mengenai pandemik COVID-19, khususnya‚Ä¶",ZairinZin
2020-12-02 06:33:29,Kapolda Jabar Irjen Ahmad Dofiri memberikan penjelasan terkait sejumlah pasal yang diduga dilanggar oleh Rizieq Syi‚Ä¶ https://t.co/mUNJNwBeGm,DiriAgustina
2020-12-02 06:33:26,"Cara pemerintah mengontrol angka covid di Indonesia :

-menunda pilkada ‚ùå
-memangkas libur akhir tahun ‚úÖ",agnsku_
2020-12-02 06:33:25,"RT @wantahgdn: Ketika seorang Jend. Kopassus Terusik Perbuatan HRS. 
Ditengah sang jenderal berjuang menyelamatkan beribu-ribu nyawa dari p‚Ä¶",realprincetotty
2020-12-02 06:33:25,"RT @RETHA_Monicaa: Utk mempersiapkan vaksinasi Covid-19 di Indonesia, Kementerian Kesehatan telah melatih 7.000 dari 23.000 tenaga kesehata‚Ä¶",keevan03
2020-12-02 06:33:24,"Jangan sampai ada klester baru lagi, kita tengah berusaha untuk memutus rantai penyebaran virus covid‚Ä¶ https://t.co/3618NjsuT4",_Kentang12
2020-12-02 06:33:23,"RT @kafiradikalis: ...HRS ini benar2 perwujudan revolusi akhlak, sekejap akhlak penanganan Covid menjadi sangat serius semenjak kepulangann‚Ä¶",rmadhila
2020-12-02 06:33:23,"RT @MaspiyuO: Dikecam Luas Netizen, Komisaris BUMN @pelni162 @kangdede78  Yang Ajak Warga DKI Bersyukur Anies Kena Covid, Akhirnya Ngacir H‚Ä¶",anFanani
2020-12-02 06:33:20,"@LisaAmartatara3 Tai tulisn lo mpok "" GAK AKAN "" Tu artinya dah jamin g bkal kna covid cok",ChanelDiezpung
2020-12-02 06:33:17,RT @erdina_zullaika: Hospital batu pahat akan digunakan untuk hospital covid bermula malam ini. Hospital permai dan kluang dah penuh. Yang‚Ä¶,diaulr9
2020-12-02 06:33:16,Nek..ga akan ada covid itu semata2 bukan cuma cuci tangan pake air sprt Wudhu tp jg pake Sabun..emanganya Wudhu itu‚Ä¶ https://t.co/TYYtZrGazF,wisnu_aj1
2020-12-02 06:33:14,"RT @JPenerangan: Belanjawan 2021 | Reaksi Orang Awam 

Orang ramai rata-rata bersetuju dengan input Belanjawan 2021 terutamanya golongan ya‚Ä¶",ZairinZin
2020-12-02 06:33:14,"RT @ElJohanSulaiman: Elakkan pergi ke tempat-tempat yang tertera. Kita kecilkan rangkaian covid-19. Please, aku nak gi pasar malam beli ker‚Ä¶",azreensheh
2020-12-02 06:33:13,"RT @HumasPoldaJatim: Pilkada sebentar lagi akan berlangsung, Ayo Wujudkan Pilkada Aman, Damai, Sejuk dan Sehat dengan Tetap Menerapkan Prot‚Ä¶",Humaspolsekked2
2020-12-02 06:33:13,"RT @arintiafeni: Anies Positif Covid-19, dah  gitu aja...

Rijik FPI Provokator Pandemi
#PanutankuBukanProvokator https://t.co/IPLQq5H5vY",seruanhl
2020-12-02 06:33:13,Rutin Harian sejak Pendamik Covid 19 semua  program  secara online ..#bualbicarasenibudaya https://t.co/iCUU0OVVwG,kakashaiful
2020-12-02 06:33:13,"RT @Amal_Alghozali: Sing ati2, lurr. Covid sangat berbahaya. https://t.co/GZAAaf4Je9",seninwageawal
2020-12-02 06:33:10,"Polres Kediri laksanakan Penegakan Hukum Proktokol Kesehatan Covid 19 di wilayah Hukum Polres Kediri
-‚Ä¶ https://t.co/vUttMYhbIy",NgadiluwihPols2
2020-12-02 06:33:10,"Pilkada sebentar lagi akan berlangsung, Ayo Wujudkan Pilkada Aman, Damai, Sejuk dan Sehat dengan Tetap Menerapkan P‚Ä¶ https://t.co/fxipUGcZRx",zabro1984
2020-12-02 06:33:09,"Jangan lupa ya sobat Polri, selalu memakai masker dengab benar saat beraktivitas.
Serta tetap menjaga jarak dan raj‚Ä¶ https://t.co/1l3UWa4EQM",polseknglipar1
2020-12-02 06:33:09,Mahfud MD meminta Rizieq bersikap kooperatif terhadap pemerintah agar penanganan COVID-19 berjalan maksimal.‚Ä¶ https://t.co/1r83cX0lu8,aaidoooo
2020-12-02 06:33:08,"RT @arintiafeni: Benar-benar dahsyat efek RIZIEQ...

Banyak pejabat bernasib pahit, kalo gak dipecat yaa ketularan covid-19...
Rijik FPI Pr‚Ä¶",seruanhl
2020-12-02 06:33:08,"RT @ProfesorZubairi: Ketika saya temukan kasus pertama AIDS (1983), Pemerintah saat itu menyangkal. Mereka bilang, orang Indonesia mustahil‚Ä¶",aluna_kim
2020-12-02 06:33:06,"RT @SoundOfYogi: Kirain COVID 19 cuma nyerang paru2...

Ternyata nyerang Anus juga....",SoundOfYogi
2020-12-02 06:33:06,Operasi Yustisi Penertiban Pemakaian Masker di Jalan Ronggo Warsito Pedan -Trucuk antisipasi Penyebaran Covid 19‚Ä¶ https://t.co/ivGTnITFR9,HumasPedan
2020-12-02 06:33:02,RT @Sintiaayun: Semoga Lekas Sembuh Kita Menghormati Tokoh Yang Terbuka Menyatakan Diri Terkena Covid-19 Untuk Kepentingan Publik https://t‚Ä¶,giadanofficial
2020-12-02 06:33:02,"Anies dinyatakan positif covid-19 setelah menjalani swab test PCR,
Banyak orang yg positif covid-19 setelah bertemu‚Ä¶ https://t.co/9uCWcx5Uz3",jitoe02
2020-12-02 06:33:01,"RT @MT_Reborn: -Anies ketemu HRS tgl 11-11-2020.
-Anies di periksa di Polda tgl 17-11-2020.
-Anies ketemu Kapolda Metro yg baru tgl 23-11-2‚Ä¶",bude_srie
2020-12-02 06:33:00,"Kalau misal nanti dari gelaran pilkada ada peningkatan kss, siapa yg akan diberi peringatan keras pak @jokowi ? Pre‚Ä¶ https://t.co/iBbK9aPjN7",ronavioleta
2020-12-02 06:33:00,"@Partono_ADjem Pasien masuk kriteria positif covid karena susah bernafas.

Gila nih, gw tiap akhir bulan susah nafa‚Ä¶ https://t.co/wf9Rlbn8Js",whatsadp
2020-12-02 06:33:00,"RT @MaspiyuO: Dikecam Luas Netizen, Komisaris BUMN @pelni162 @kangdede78  Yang Ajak Warga DKI Bersyukur Anies Kena Covid, Akhirnya Ngacir H‚Ä¶",basor_m
2020-12-02 06:32:59,Sekjen PBNU Helmy F Zaini baru saja dinyatakan negatif setelah menderita Covid-19 selama 17 hari lamanya. Merasakan‚Ä¶ https://t.co/x55ZPoL1DA,hariankompas
2020-12-02 06:32:58,"RT @orangdesadamai: 1. Beredar dokumen yg disebut hasil tes swab Rijik FPI yg menunjukkan Rijik positif virus korona.

Seperti biasa FPI me‚Ä¶",arintiafeni
2020-12-02 06:32:54,"PA 212 ancam bawa massa jika Rizieq diperiksa karena mengadakan kerumunan yg melanggar protokol kesehatan.
Polisi a‚Ä¶ https://t.co/mD3pdgbekV",jitoe02
2020-12-02 06:32:53,"Mohammad Rizieq Syihab atau Habib Rizieq mendapat peringatan keras dari pemerintah. Sebab, Rizieq dinilai tidak koo‚Ä¶ https://t.co/exUtDnGpo8",Tamara12837037
2020-12-02 06:32:52,"RT @na_dirs: Wudhu itu fungsinya membersihkan diri dari hadats kecil, bukan dari virus. Protokol kesehatan gak cuma cuci tangan. Itu sebabn‚Ä¶",septian_WU
2020-12-02 06:32:52,"@mydey @txtdrpemerintah Lah, nanti kalo kursi eksekutif kosong gimana cara buat program penanggulangan covid?? Apa‚Ä¶ https://t.co/2XMTFoTqFL",truckinq
2020-12-02 06:32:51,"Tokoh agama diharapkan mampu jadi ujung tombak dalam mensosialisasikan protokol kesehatan, jadi suri tauladan dalam‚Ä¶ https://t.co/fhrMeQEuiv",AdieVy14
2020-12-02 06:32:49,"Utk mempersiapkan vaksinasi Covid-19 di Indonesia, Kementerian Kesehatan telah melatih 7.000 dari 23.000 tenaga kes‚Ä¶ https://t.co/WdbKUHHQaH",RETHA_Monicaa
2020-12-02 06:32:48,"RT @bernamadotcom: KKMM tambah baik penyampaian maklumat COVID-19 dalam Tamil, Mandarin - @saifuddinabd 

https://t.co/wf76f0Zq4n https://t‚Ä¶",ZairinZin
2020-12-02 06:32:46,"RT @detikHealth: CDC akan kembali memperbarui pedoman COVID-19, kali ini berkaitan dengan masa isolasi. Masa isolasi pasien COVID-19 akan d‚Ä¶",gdesaskh
2020-12-02 06:32:46,"RT @_anasismbywawa: ""Musim covid ni tak dapat pergi watson""

""barang makeup semua dah habis""

Jangan risauuuuu
Grab je Mystery box by ANASi‚Ä¶",naashaaaaa_
2020-12-02 06:32:46,"RT @kafiradikalis: ...Rekor tembus angka 6000an kasus Covid-19 yg mana Jateng menyumbang kasus tertinggi &gt;2000 kasus.

Di Jateng ada 2 keru‚Ä¶",rmadhila
2020-12-02 06:32:46,"RT @orangdesadamai: 1. Beredar dokumen yg disebut hasil tes swab Rijik FPI yg menunjukkan Rijik positif virus korona.

Seperti biasa FPI me‚Ä¶",keevan03
2020-12-02 06:32:45,13.32 #BeritaSONORA - Benni yakin kinerja Pemprov DKI Jakarta tidak akan terganggu meski gubernur dan wakilnya diny‚Ä¶ https://t.co/oiANaQSRq4,SonoraFM92
2020-12-02 06:32:41,@wisnusetiyabudi La mah dikiro keno covid mah payah to,riskybarut_
2020-12-02 06:32:40,Bertempat di Smpn 4 sungguminasa Jl. Gagak Kel. Sungguminasa Kec. Somba Opu Kab. Gowa. Serda Syahrir melaksanakan p‚Ä¶ https://t.co/vD7vJquYz1,KODIM_1409
2020-12-02 06:32:36,Dewan pers memberikan apresiasi yg tinggi kepada pemerintah yg telah bekerja keras menangani pandemi covid-19 denga‚Ä¶ https://t.co/0c5xzHRYiV,jitoe02
2020-12-02 06:32:36,"RT @kelincimungiel: Lebih lanjut, Azis meyakini bahwa Indonesia akan berhasil mencari solusi terbaik dalam mengatasi pandemi Covid-19.

#Az‚Ä¶",HantuLaaut
2020-12-02 06:32:36,Kapolsek Pandak AKP Wartono SH bersama Personil Polsek Pandak melaksanakan Sambang dan silaturahmi dgn Masyarakat d‚Ä¶ https://t.co/23DD7JzO3t,humaspandak86
2020-12-02 06:32:36,Dewan Pers mengapresiasi penuh upaya pemerintah pusat dan pemerintah daerah yg telah menangani pandemi Covid-19 ini‚Ä¶ https://t.co/peg9zhzvAF,RETHA_Monicaa
2020-12-02 06:32:35,"RT @JPenerangan: Situasi Semasa COVID-19 di Malaysia, 30 November 2020

Sumber: @KKMPutrajaya

#COVID19
#KitaTeguhKitaMenang
#KomunikasiKit‚Ä¶",inilamsunoy
2020-12-02 06:32:32,RT @antaranews_bali: Bawaslu Bali minta para saksi di TPS ikuti tes cepat COVID-19: Badan Pengawas Pemilu (Bawaslu) Provinsi Bali mengharap‚Ä¶,Baliantaranews
2020-12-02 06:32:32,"RT @GoSumbarcom: Hargai Anies Jujur Positif Covid-19, DPR: Itu Bukan Aib https://t.co/vasRTe2CWM",GoSumbarcom
2020-12-02 06:32:32,"RT @JPenerangan: Kementerian Komunikasi dan Multimedia (KKMM) sedang menambah baik penyampaian mesej mengenai pandemik COVID-19, khususnya‚Ä¶",inilamsunoy
2020-12-02 06:32:30,"@maman1965 Covid masih ada, lindungi diri kalianüôè
#memakaimasker 
#mencucitangan 
#menjagajarak‚Ä¶ https://t.co/9KtHZnYO7r",dhodikariel
2020-12-02 06:32:29,Bersama kita dukung program vaksinasi guna memutus mata rantai penularan Covid-19 dgn tetap menerapkan disiplin Pro‚Ä¶ https://t.co/9yag4BII2O,RETHA_Monicaa
2020-12-02 06:32:25,"@JPFBASE Naruto, One Piece, Detective Conan. Itu awalnya, garagara Covid langsung keterusan nonton yg lain",__alzqf
2020-12-02 06:32:23,"Hallo Kawan JM

Patuhi protokol kesehatan untuk memutus penyebaran Covid-19, buat Kawan JM yang beraktivitas dimana‚Ä¶ https://t.co/j8iv0dz5sF",PTJASAMARGA
2020-12-02 06:32:22,"""COVID-19 imeangusha Biashara ya Dunia kutoka 60% mpaka37% ya pato la Dunia kufikia Sept 2020.Afrika Mashariki uwia‚Ä¶ https://t.co/uyziW1z7fP",GidionMosha
2020-12-02 06:32:22,RT @erdina_zullaika: Hospital batu pahat akan digunakan untuk hospital covid bermula malam ini. Hospital permai dan kluang dah penuh. Yang‚Ä¶,nryuni_
2020-12-02 06:32:21,"RT @MaspiyuO: Dikecam Luas Netizen, Komisaris BUMN @pelni162 @kangdede78  Yang Ajak Warga DKI Bersyukur Anies Kena Covid, Akhirnya Ngacir H‚Ä¶",Najwafatina99
2020-12-02 06:32:20,RT @satanasya: uncle ni pernah masuk filem rock oo! scene jijo tengah cari lead guitarist rimba bara. banyak vinyl sedap sedap tapi duit ta‚Ä¶,syafiqshinchan
2020-12-02 06:32:20,RT @kelincimungiel: Politikus Partai Golkar itu mendukung sikap Presiden Jokowi yang aktif  dalam mengawasi dan memberi teguran kepada para‚Ä¶,HantuLaaut
2020-12-02 06:32:19,"Mohammad Rizieq Syihab atau Habib Rizieq mendapat peringatan keras dari pemerintah. Sebab, Rizieq dinilai tidak koo‚Ä¶ https://t.co/jbTErj2ZgJ",JisooJ5
2020-12-02 06:32:16,"Protokol kesehatan yaitu memakai masker, menjaga jarak dan mencuci tangan (3M) menjadi langkah perlindungan bersama‚Ä¶ https://t.co/WpNVqCc6cF",jitoe02
2020-12-02 06:32:14,RT @RSetiadji720: @kh_notodiputro @narkosun @LisaAmartatara3 Kata UAS covid-19 tentara Allah yg menyerang musuh Allah. Berarti anies adalah‚Ä¶,GyatWidyas
2020-12-02 06:32:14,"2. Jubir Satgas Penanganan Covid-19, Wiku Adisasmito mengucapkan terimakasih atas usaha &amp; kerja keras, serta kesaba‚Ä¶ https://t.co/dgQ7znYcKc",RETHA_Monicaa
2020-12-02 06:32:13,1. Satgas Penanganan Covid-19 Nasional mengapresiasi dan berterimakasih pd pihak¬≤ yg bekerja melawan wabah Covid-19‚Ä¶ https://t.co/Z3fsgAsQ7r,RETHA_Monicaa
2020-12-02 06:32:13,"Banyak ternyata yang pengen tau selain 3M, kudu konsumsi apa biar sebisa mungkin terhindar covid. Baiklah dengan te‚Ä¶ https://t.co/RDNGqA0vgK",sdenta
2020-12-02 06:32:09,"@OposisiCerdas Apakah boleh saya menduga
Di covidkan. Kemudian dibuat spti Munir atw Yasser Arafat. Dan dikatakan p‚Ä¶ https://t.co/a8mxixAgSa",sucidaputri0202
2020-12-02 06:32:07,"@LisaAmartatara3 Tp komentar ibu itu clear, tidak kena covid 19 org yg berwudhu, sama jg dg analogi, tidak akan kec‚Ä¶ https://t.co/AAVEDEoDka",reiwacaniago
2020-12-02 06:32:05,"RT @kelincimungiel: ""Tentu kita harus optimis, kan semua lembaga tak terkecuali sudah bekerja sangat keras dalam penanganan Covid-19 di Tan‚Ä¶",HantuLaaut
2020-12-02 06:32:03,Bawaslu Bali minta para saksi di TPS ikuti tes cepat COVID-19: Badan Pengawas Pemilu (Bawaslu) Provinsi Bali mengha‚Ä¶ https://t.co/gnedV19TP6,antaranews_bali
2020-12-02 06:31:58,Mahfud MD meminta Rizieq bersikap kooperatif terhadap pemerintah agar penanganan COVID-19 berjalan maksimal.‚Ä¶ https://t.co/w1KNcljVGs,Lucas1484385284
2020-12-02 06:31:55,"RT @firdzaradiany: Angka kasus COVID-19 Jawa Tengah meledak di periode Okt-Nov 2020.

Terjadi :

- kenaikan total kasus 64,83%
- kenaikan k‚Ä¶",Prasety44990944
2020-12-02 06:31:53,Kapolda Jabar Irjen Ahmad Dofiri memberikan penjelasan terkait sejumlah pasal yang diduga dilanggar oleh Rizieq Syi‚Ä¶ https://t.co/PQmdGzdZoH,Kaka43738381
2020-12-02 06:31:52,"RT @arintiafeni: Benar-benar dahsyat efek RIZIEQ...

Banyak pejabat bernasib pahit, kalo gak dipecat yaa ketularan covid-19...
Rijik FPI Pr‚Ä¶",siunyil94baru
2020-12-02 06:31:52,"RT @DTanjung15: Kepada yang Mengatakan Nyai Dewi Tukang Fitnah Dan Hoax
Ini Hasil Test Covid-19 
Rizik sihab Bin Kabur..
Silahkan Otak2 Dan‚Ä¶",dimasrahmat9
2020-12-02 06:31:51,RT @Ronnie_Rusli: Semua yang namanya AC Central Gedung atau Mall adalah alat yg tidak pernah diprakirakan sebagai alat sirkulasi Virus Covi‚Ä¶,bangtoyib002
2020-12-02 06:31:50,"Pilkada sebentar lagi akan berlangsung, Ayo Wujudkan Pilkada Aman, Damai, Sejuk dan Sehat dengan Tetap Menerapkan P‚Ä¶ https://t.co/YmJbo3YHoV",MagetanPolres55
2020-12-02 06:31:49,@chelmunks Udah bete duluan gara2 covid nggak kelar2 wkwkwk,theflazzzh
2020-12-02 06:31:49,RT @erdina_zullaika: Hospital batu pahat akan digunakan untuk hospital covid bermula malam ini. Hospital permai dan kluang dah penuh. Yang‚Ä¶,_nrfdaa
2020-12-02 06:31:48,"RT @kelincimungiel: Wakil Ketua DPR RI.Azis Syamsuddin, membenarkan pernyataan optimis Presiden Joko Widodo (Jokowi) terkait kemampuan peme‚Ä¶",HantuLaaut
2020-12-02 06:54:51,"RT @korantempo: Corona menyerang banyak pejabat. Kemarin, Gubernur DKI Anies Baswedan mengumumkan hasil tes usapnya yang dinyatakan positif‚Ä¶",1havi1
2020-12-02 06:54:49,RT @sxlbccdksll: makin sini makin nambah idol kpop yang positif covid-19 please semoga member exo sehat¬≤ jauhin mereka dari virus covid-19‚Ä¶,Ohshnananana
2020-12-02 06:54:47,"""Saya optimis mulai tahun depan perekonomian Indonesia akan tumbuh positif. Saat ini, Indonesia bisa menekan pandem‚Ä¶ https://t.co/I48wX0C8J8",budhi_budheng
2020-12-02 06:54:46,"Dia meyakinkan, perekonomian Indonesia akan kembali tumbuh positif tahun depan. Sebab pemerintah telah berhasil menangani pandemi Covid-19.",budhi_budheng
2020-12-02 06:54:46,"RT @RETHA_Monicaa: 2. Rizieq jg menolak upaya penelusuran kontak yg dilakukan oleh satuan Satgas Penanganan Covid-19

Rijik FPI Provokator‚Ä¶",RETHA_Monicaa
2020-12-02 06:54:45,@rdziatul Nmmm sempat la habis covid kot üòÇüòÇüòÇüòÇ,miszfeahana24
2020-12-02 06:54:44,"Lebih lanjut Luhut mengatakan sebagai dampak pandemi Covid-19 pertumbuhan PDB di Asia diperkirakan menyusut 2,9 per‚Ä¶ https://t.co/fw3ywcDvWx",budhi_budheng
2020-12-02 06:54:41,"Humas Semen
Pilkada sebentar lagi akan berlangsung, Ayo Wujudkan Pilkada Aman, Damai, Sejuk dan Sehat dengan Tetap‚Ä¶ https://t.co/OKz1FsrhGr",KerupukRenyah3
2020-12-02 06:54:41,"Kpop: Yiren dan Sihyeon Everglow Terkonfirmasi Positif Covid-19 #EVERGLOW #YirenEverglow #Sihyeon 

https://t.co/5f2Lou2AA9",guisejae
2020-12-02 06:54:40,"""Jika semua berjalan sesuai rencana, Insya Allah kami berharap pasokan vaksin Covid-19 sudah siap pada Desember 202‚Ä¶ https://t.co/2rEW19eOTI",budhi_budheng
2020-12-02 06:54:39,"Menteri Koordinator Bidang Kemaritiman dan Investasi, Luhut Binsar Pandjaitan mengatakan pasokan vaksin Covid-19 un‚Ä¶ https://t.co/vRcHuK2Lrf",budhi_budheng
2020-12-02 06:54:39,"RT @MT_Reborn: -Anies ketemu HRS tgl 11-11-2020.
-Anies di periksa di Polda tgl 17-11-2020.
-Anies ketemu Kapolda Metro yg baru tgl 23-11-2‚Ä¶",BchardiH
2020-12-02 06:54:38,"RT @RETHA_Monicaa: 1. Pemimpin FPI, Rizieq Shihab menolak mengumumkan hasil pemeriksaan virus corona ke publik

Rijik FPI Provokator Pandem‚Ä¶",RETHA_Monicaa
2020-12-02 06:54:32,Pengelola Rumah Lawan Covid-19 akan menyediakan ruangan khusus untuk dijadikan lokasi pemungutan suara Pilkada Tang‚Ä¶ https://t.co/OkGgB3DjdV,kompascom
2020-12-02 06:54:27,"RT @_anasismbywawa: ""Musim covid ni tak dapat pergi watson""

""barang makeup semua dah habis""

Jangan risauuuuu
Grab je Mystery box by ANASi‚Ä¶",diannnnihaaa
2020-12-02 06:54:26,"Lur Ajah Kelalen Gunakan Hak Pilihe.
Sukseskan Pilkada Kebumen.
Putus Penyebaran Virus Corona Covid-19 di Kebumen. https://t.co/q0n8yaKdwB",MiritPolsek
2020-12-02 06:54:23,RT @erdina_zullaika: Hospital batu pahat akan digunakan untuk hospital covid bermula malam ini. Hospital permai dan kluang dah penuh. Yang‚Ä¶,missnazura
2020-12-02 06:54:21,"Colokin nih ke moncong donu biar tau diri

Sejumlah Relawan Satgas COVID-19 Desak Doni Monardo Mundur

Sejumlah rel‚Ä¶ https://t.co/mGCO9VXoIa",Aryprasetyo85
2020-12-02 06:54:21,Mari Bersama Mencegah Penyebaran Covid 19 Dengan Mentaati Peraturan Pemerintah Selalu Terapkan 3 M. https://t.co/TIFRr55Twd,cawas_polsek
2020-12-02 06:54:19,"RT @setkabgoid: Agar mudah dipahami masyarakat, Satgas Penanganan COVID-19 bersama Kementerian Pendidikan dan Kebudayaan membuat pedoman pe‚Ä¶",Udien_Marbot
2020-12-02 06:54:17,"Mari sayangi diri sendiri, keluarga dan lingkungan sekitar kita untuk memutus mata rantai covid-19 dengan terus men‚Ä¶ https://t.co/5gv4SwqG7p",PTWijayaKarya
2020-12-02 06:54:17,"RT @na_dirs: Wudhu itu fungsinya membersihkan diri dari hadats kecil, bukan dari virus. Protokol kesehatan gak cuma cuci tangan. Itu sebabn‚Ä¶",DwiArieSetiawan
2020-12-02 06:54:15,@Aveanneext Wkwkwkw... Tp karena covid   jgn sebab lain,tehtjapkoentji
2020-12-02 06:54:13,"nnti ditengah2 2020 jangan terlena ya gantenggg belajar utbk yg bener, mo bilang noh bokap kena covid pas bulan mar‚Ä¶ https://t.co/UR3rGJNOfo",n4kkoya
2020-12-02 06:54:12,"RT @republikaonline: Munarman heran, aparat tidak mengusut surat palsu hasil swab atas nama Habib Rizieq. https://t.co/L2Taz4t3TC",RahmanSy2
2020-12-02 06:54:12,RT @sxlbccdksll: makin sini makin nambah idol kpop yang positif covid-19 please semoga member exo sehat¬≤ jauhin mereka dari virus covid-19‚Ä¶,myyvads
2020-12-02 06:54:10,‚úÖ Abakinnyi ba Rayon Sports barimo gupimwa COVID-19. https://t.co/LgILtMMu7e,flashfmrw
2020-12-02 06:54:07,"RT @MaspiyuO: Dikecam Luas Netizen, Komisaris BUMN @pelni162 @kangdede78  Yang Ajak Warga DKI Bersyukur Anies Kena Covid, Akhirnya Ngacir H‚Ä¶",iammelonlorddd
2020-12-02 06:54:06,RT @AmirudinShari: Menerima khabar sahabat saya @aniesbaswedan Gubernur DKI Jakarta yang disahkan positif Covid-19. Doa kami di Selangor ag‚Ä¶,IwanRid57250001
2020-12-02 06:54:04,"RT @DivHumas_Polri: Seperti kita ketahui, penggunaan Hand Sanitizer selalu digaungkan di masa pandemi covid-19. Tapi kamu tahu nggak sih ca‚Ä¶",Siginjai17
2020-12-02 06:54:03,"Kapolsek Cikarang Kompol Alin Kuncoro SPd, memantau langsung kegiatan masyarakat guna ketahanan pangan kepada warga‚Ä¶ https://t.co/IrlBeEU6tw",UtaraCikarang
2020-12-02 06:54:03,Ini Cerita Gubernur Anies Baswedan Selama Isolasi Mandiri karena Covid-19 di Rumah Dinas Tua Berusia 114 Tahun‚Ä¶ https://t.co/Ae2DCiMjPq,news24_coid
2020-12-02 06:54:02,Batituud Koramil Ceper Hadiri Rapat esiapan Belajar Mengajar Masa Pandemi Covid 19 https://t.co/VP2T0enZC0,kodimklaten
2020-12-02 06:54:01,"RT @LILApama2011: Kalau dalam pemeriksaan jangan kaget kalau Rijik positif Covid-19. 
Karena kemungkinan besar pasti hal itu terjadi. 

Rij‚Ä¶",tjhinfar21
2020-12-02 06:53:59,"9 Desember 2020 Ayo Datang Ke TPS, Bersama Sukseskan Pilkada 2020 Bebas Covid 19. https://t.co/qnwQxQIUjO",cawas_polsek
2020-12-02 06:53:58,RT @erdina_zullaika: Hospital batu pahat akan digunakan untuk hospital covid bermula malam ini. Hospital permai dan kluang dah penuh. Yang‚Ä¶,aqlhrhm_
2020-12-02 06:53:57,RT @PRFMnews: Cerita Salah Seorang Relawan Vaksin Sinovac di Bandung yang Terpapar Covid-19 https://t.co/H9k6M12W70,syahhid
2020-12-02 06:53:53,"RT @XXXbyefelicia: Tau la tak suka dia dengan dia mmg annoying  tp makan sorang apa masalahnya. Takkan ni pun nak pick kot. 

Dah la masa m‚Ä¶",misscasiolrmy
2020-12-02 06:53:52,"RT @JapenSarawak: MASALAH: Tangan anda sentiasa membawa kuman yg tidak kelihatan oleh mata kasar, meningkatkan risiko terhadap COVID-19

PE‚Ä¶",Mariatungkat2
2020-12-02 06:53:51,ini ngga ada apa huhuuhuhhuu paylater gue di 0-in udh komplen katanya grgr covid jadinya gabisa pake paylater. Pada‚Ä¶ https://t.co/yJfCdviHZJ,httpflaminqo
2020-12-02 06:53:50,@akmalmfao Hahaha tula tu. Kira covid ni mmg rosak kan player la juga. Aduhhh,AimanZikryy
2020-12-02 06:53:45,Peningkatan kasus aktif covid-19 bbrp waktu terakhir satu diantaranya disebabkan krn ketidakdisiplinan masyarakat d‚Ä¶ https://t.co/UGkiQuF96r,elshinta_smg
2020-12-02 06:53:43,"RT @na_dirs: Wudhu itu fungsinya membersihkan diri dari hadats kecil, bukan dari virus. Protokol kesehatan gak cuma cuci tangan. Itu sebabn‚Ä¶",BigBos92186204
2020-12-02 06:53:43,"RT @LILApama2011: Alumni tanpa Kampus maksa amat sama reunian. 
Gak punya akhlak, udah tau Covid-19 malah kumpul lgi dan lagi.

Rijik FPI P‚Ä¶",tjhinfar21
2020-12-02 06:53:43,RT @PRFMnews: #DiskusiPRFM Gugus Tugas Percepatan Penanggulangan Covid-19 Kota Bandung memastikan status level kewaspadaan penyebaran Covid‚Ä¶,mfachrip_
2020-12-02 06:53:42,RT @erdina_zullaika: Hospital batu pahat akan digunakan untuk hospital covid bermula malam ini. Hospital permai dan kluang dah penuh. Yang‚Ä¶,irdeenaaaaa
2020-12-02 06:53:39,"RT @ProfesorZubairi: Ketika saya temukan kasus pertama AIDS (1983), Pemerintah saat itu menyangkal. Mereka bilang, orang Indonesia mustahil‚Ä¶",chandsept13
2020-12-02 06:53:38,RT @seruanhl: Pemerintah berhak melakukan penelusuran terhadap orang-orang yg dicurigai terpapar corona. Masyarakat tidak boleh menolak upa‚Ä¶,orangdesadamai
2020-12-02 06:53:36,RT @aik_arif: Rumah sakit dah penuh. Jaga protokol kesehatan. Jangan tertular...Covid-19. Jaga diri dan orang lain. https://t.co/JwzeRWcGT3,nanajowen
2020-12-02 06:53:30,"@MaspiyuO @pelni162 @kangdede78 Iya jahat banget sih hatinya..
Hidup ini bagai roda berputar. Suatu hari nt jika di‚Ä¶ https://t.co/0Y9tkXJgki",faridahamberi
2020-12-02 06:53:29,"RT @MT_Reborn: -Anies ketemu HRS tgl 11-11-2020.
-Anies di periksa di Polda tgl 17-11-2020.
-Anies ketemu Kapolda Metro yg baru tgl 23-11-2‚Ä¶",AdijayaSarlan
2020-12-02 06:53:29,RT @VIVAcoid: Ganjar Sebut Penambahan Kasus COVID-19 di Jateng Gara-gara Salah Data https://t.co/b7KSl2TR6r #nasional,ardylaw
2020-12-02 06:53:28,"Hai @sahabatalfamart mau tanya donk, memang di Alfamart sekarang sudah bisa belanja bebas lepas masker ya. Jika ada‚Ä¶ https://t.co/lsgjuT5nPB",sallyfauzi
2020-12-02 06:53:27,Seluruh masyarakat diimbau taat protokol kesehatan COVID-19 https://t.co/2J7EwtULRy,idntimes
2020-12-02 06:53:27,Himbauan Adaptasi Kebiasaan Baru Agar Masyarakat Mematuhi Protokol Kesehatan yang di Tetapkan oleh Pemerintah dalam‚Ä¶ https://t.co/wgOyXBtveC,kuansing_humas
2020-12-02 06:53:18,@abcdexfkx Site i ada yg positif covid. Dalam 23org. Sbb tu kene quarantine. Last sunday kkm dtg buat swab test. Sp‚Ä¶ https://t.co/C7YmbAy26p,Querious_Que
2020-12-02 06:53:17,"uang virtual ini membutuhkan waktu hampir 3 tahun untuk melampaui rekor sebelumnya yakni pada harga US$ 137.

Anali‚Ä¶ https://t.co/ldhjVchckM",berjangka_indo
2020-12-02 06:53:12,"RT @SantorinisSun: Bolehkah saya menyebutnya dengan ""Cluster Idola""???
Cluster yg terbentuk karena mengidolakan sebuah sosok yg dianggap fe‚Ä¶",_Biiilan
2020-12-02 06:53:08,"Kodim0912kutaibarat
@0912Kodim 
https://t.co/XFnwRk9rFl",0912Kodim
2020-12-02 06:53:04,"RT @merapi_uncover: DIY Zona merah Covid 19
Merapi Status Siaga, Zona Merah kudu waspada.
Dan Kamu adalah Zona Nyamanku

Apapun itu, Tetep‚Ä¶",Daniawahyu_23
2020-12-02 06:53:03,RT @dr_koko28: Jangan sering marah-marah. Nanti simpatomimetik-nya dominan. Tensinya naik. Yang hipertensi rentan kena Covid soalnya.,DameriatiZ
2020-12-02 06:53:02,"Anies Baswedan Terkena Covid-19, Rizieq Shihab Sampaikan Hal ini https://t.co/3551fCDY1c",Riau24Com
2020-12-02 06:53:01,"RT @na_dirs: Wudhu itu fungsinya membersihkan diri dari hadats kecil, bukan dari virus. Protokol kesehatan gak cuma cuci tangan. Itu sebabn‚Ä¶",divamdyr_
2020-12-02 06:53:00,"RT @ridwankamil: BEWARA

Para wisatawan sebaiknya tidak berkunjung dahulu minggu ini ke Kota Bandung &amp; Kab. Bandung Barat. 

Dikarenakan se‚Ä¶",ipungkurnia
2020-12-02 06:52:57,"RT @republikaonline: Munarman heran, aparat tidak mengusut surat palsu hasil swab atas nama Habib Rizieq. https://t.co/L2Taz4t3TC",ace_tanjung
2020-12-02 06:52:57,RT @coffebit: Alhamdulillah covid 31 hari lagi selesai,darlgibs
2020-12-02 06:52:55,"Seperti kita ketahui, penggunaan Hand Sanitizer selalu digaungkan di masa pandemi covid-19. Tapi kamu tahu nggak si‚Ä¶ https://t.co/GNJsZENzmJ",humas_toroh
2020-12-02 06:52:53,RT @txtdarisukabumi: Pasien covid 19 membludak https://t.co/Y8rHx4vXCV,adalahreza28
2020-12-02 06:52:52,"RT @MaspiyuO: Dikecam Luas Netizen, Komisaris BUMN @pelni162 @kangdede78  Yang Ajak Warga DKI Bersyukur Anies Kena Covid, Akhirnya Ngacir H‚Ä¶",CakDul86962258
2020-12-02 06:52:50,"RT @CGevra: Bukan protokol kesehatan terkait covid 19 yg mereka persoalkan
Bukan Kerumunan yg mereka Pidanakan
Bukan Pula acara atau kegiat‚Ä¶",ahmagun13
2020-12-02 06:52:46,"RT @na_dirs: Wudhu itu fungsinya membersihkan diri dari hadats kecil, bukan dari virus. Protokol kesehatan gak cuma cuci tangan. Itu sebabn‚Ä¶",Fransaquet
2020-12-02 06:52:46,"#jatimNow Dalam operasi penegakan protokol kesehatan kali ini, Satgas Penanganan Covid-19 menyasar kantor OPD di li‚Ä¶ https://t.co/3lEjdCc6WM",jatimNow
2020-12-02 06:52:41,"@LisaAmartatara3 Mba' Drun, Covid 19 itu penyakit, dan penyakit bisa di HINDARI. kalo waspada dan berdisiplin diri,‚Ä¶ https://t.co/FXDwxyKW8Y",tanta_boki
2020-12-02 06:52:40,"RT @ProfesorZubairi: Ketika saya temukan kasus pertama AIDS (1983), Pemerintah saat itu menyangkal. Mereka bilang, orang Indonesia mustahil‚Ä¶",krishjogja
2020-12-02 06:52:40,"Pilkada sebentar lagi akan berlangsung, Ayo Wujudkan Pilkada Aman, Damai, Sejuk dan Sehat dengan Tetap Menerapkan P‚Ä¶ https://t.co/FAQ1DaI8sK",Polsekglenmore1
2020-12-02 06:52:40,Pendistribusian vaksin dilakukan bertahap karena terdapat dua kemungkinan saat mendatangkan vaksin dari luar negeri‚Ä¶ https://t.co/l3empOTwJ2,siwalima
2020-12-02 06:52:39,"Keberhasilan Penangangan Covid-19 di Indonesia hingga 30 Nov 2020, Indonesia menjadi salah satu terbaik dunia denga‚Ä¶ https://t.co/HANWOIvvjG",PMBANJARNAHOR
2020-12-02 06:52:39,Penguatan Kelembagaan Koperasi Pasca Covid-19 yang diselenggarakan oleh Dinas Koperasi dan UKM Provinsi Jawa Timur.‚Ä¶ https://t.co/e0GkAGlp53,anikmintorowati
2020-12-02 06:52:39,"_Wujudkan Pilkada Aman, Damai, Sejuk dan Sehat dengan tetap menerapkan Protokol Kesehatan Covid - 19_‚Ä¶ https://t.co/n19A5f5WZG",KesambenHumas
2020-12-02 06:52:35,"RT @ProfesorZubairi: Ketika saya temukan kasus pertama AIDS (1983), Pemerintah saat itu menyangkal. Mereka bilang, orang Indonesia mustahil‚Ä¶",devdepdev
2020-12-02 06:52:35,Anies: Alhamdulillah Seluruh Anggota Keluarga Saya Negatif Covid-19 #LengkapCepatBeritanya #BeritaTerkini‚Ä¶ https://t.co/SkNHjjELTs,okezonenews
2020-12-02 06:52:34,"RT @na_dirs: Wudhu itu fungsinya membersihkan diri dari hadats kecil, bukan dari virus. Protokol kesehatan gak cuma cuci tangan. Itu sebabn‚Ä¶",WanFadly4
2020-12-02 06:52:34,"RT @KementerianLHK: Di alam, kita hanyalah setitik kecil. Betul ya Sobat Hijau?

Selamat Rabu pagi #SobatHijau, semangat beraktivitas kemba‚Ä¶",INDRAARDIAWAN2
2020-12-02 06:52:34,"RT @orangdesadamai: 1. Beredar dokumen yg disebut hasil tes swab Rijik FPI yg menunjukkan Rijik positif virus korona.

Seperti biasa FPI me‚Ä¶",RETHA_Monicaa
2020-12-02 06:52:32,Anies Positif Covid-19: Komisaris BUMN Ajak Warga Bersyukur. Netizen Berang https://t.co/DO69xgoNWG,Bisniscom
2020-12-02 06:52:31,"RT @Jhonkosmik: Saya sangat berharap, ormas2 Islam untuk segera membentuk Tim Medis khusus Covid-19 dan diisi pada ahli yang memenuhi selur‚Ä¶",RonefZone
2020-12-02 06:52:29,"Pilih Sesuai Hati Nurani. Polri Siap Kawal Pilkada 2020.
Tetap Patuhi Protokol Kesehatan. Mari Putus Mata Rantai Pe‚Ä¶ https://t.co/9ITPA7pBOc",MiritPolsek
2020-12-02 06:52:28,"RT @danyawandaaa: TWITTER PLEASE DO YOUR MAGIC
Om saya sedang menderita covid-19 skrg beliau dipakaikan ventilator &amp; dirawat di RSSA Malang‚Ä¶",Sandabilik
2020-12-02 06:52:27,RT @erdina_zullaika: Hospital batu pahat akan digunakan untuk hospital covid bermula malam ini. Hospital permai dan kluang dah penuh. Yang‚Ä¶,pandafatihah
2020-12-02 06:52:25,"RT @HumasPoldaJatim: Pilkada sebentar lagi akan berlangsung, Ayo Wujudkan Pilkada Aman, Damai, Sejuk dan Sehat dengan Tetap Menerapkan Prot‚Ä¶",PolsekKesamben
2020-12-02 06:52:24,RT @TweetSrip_: Gubernurnya kena covid warganya poto2 langit,giIanggg
2020-12-02 06:52:24,RT @TweetSrip_: Gubernurnya kena covid warganya poto2 langit,maduhditangsel
2020-12-02 06:52:24,"RT @merapi_uncover: DIY Zona merah Covid 19
Merapi Status Siaga, Zona Merah kudu waspada.
Dan Kamu adalah Zona Nyamanku

Apapun itu, Tetep‚Ä¶",muhammadrofie17
2020-12-02 06:52:21,RT @RETHA_Monicaa: Bersama kita dukung program vaksinasi guna memutus mata rantai penularan Covid-19 dgn tetap menerapkan disiplin Prokes 3‚Ä¶,orangdesadamai
2020-12-02 07:01:20,"Pemerintah sedang membuat sistem informasi satu data vaksin covid-19 yg kerjakan oleh Telkom dan Bio Farma, Semoga‚Ä¶ https://t.co/LFVU9MBLp0",Gurihbingbing
2020-12-02 07:01:18,"IP PEN ini berbentuk pinjaman jangka panjang sebesar Rp3,5 triliun dgn tenor 10 tahun guna mendukung likuiditas dan‚Ä¶ https://t.co/ZYNywvQNrs",DitjenKN
2020-12-02 07:01:17,"@grxxxa @razaksyarif Biar menang aja sih, tapi ratingnya rotten begitu. Ya gimana mau ngeramein?

Salah satu alasan‚Ä¶ https://t.co/VQ7eeq7haf",tramadanur
2020-12-02 07:01:16,RT @PRFMnews: Cerita Salah Seorang Relawan Vaksin Sinovac di Bandung yang Terpapar Covid-19 https://t.co/H9k6M12W70,ugahaaa
2020-12-02 07:01:16,"RT @MaspiyuO: Dikecam Luas Netizen, Komisaris BUMN @pelni162 @kangdede78  Yang Ajak Warga DKI Bersyukur Anies Kena Covid, Akhirnya Ngacir H‚Ä¶",anger_silent
2020-12-02 07:01:16,"Pilkada sebentar lagi akan berlangsung, Ayo Wujudkan Pilkada Aman, Damai, Sejuk dan Sehat dengan Tetap Menerapkan P‚Ä¶ https://t.co/V0mGk4RhN7",SariKur73440400
2020-12-02 07:01:14,"Gus Rozin: RMINU Tak Pernah Berhenti Hadapi Pandemi Covid-19

https://t.co/nfE31bSLrE",nuonlinejateng
2020-12-02 07:01:13,"Pilkada sebentar lagi akan berlangsung, ayo wujudkan Pilkada aman, damai, sejuk dan sehat dengan tetap menerapkan p‚Ä¶ https://t.co/VfgiiVFmCc",PolsekDurenan
2020-12-02 07:01:11,"üòÇüòÇüòÇ benerkan ...lo lo lo lo yg maling, Rampok , bikin negara Bangkrut .  ‚ÄºÔ∏è Pengecut lo ,CARI KAMBING HITAM KE PETA‚Ä¶ https://t.co/JqyF29pnme",GeMaCan_WB
2020-12-02 07:01:11,Reposted from @ditlantas_bali 2/12 Kijang 6104 melaporkan situasi lalin obyek wisata pura Goa Lawah terkendali lanc‚Ä¶ https://t.co/VYh0JaYT3L,polantasbali
2020-12-02 07:01:09,"RT @ProfesorZubairi: Ketika saya temukan kasus pertama AIDS (1983), Pemerintah saat itu menyangkal. Mereka bilang, orang Indonesia mustahil‚Ä¶",dipipikanankiri
2020-12-02 07:01:09,Pentingnya satu data vaksinasi Covid-19 dalam rangka mencegah timbulnya zona abu-abu atau munculnya oknum yang ingi‚Ä¶ https://t.co/pwtPYUiqPS,Masha13393677
2020-12-02 07:01:08,"Anggota Sat Sabhara Polresta Pontianak Kota melaksanakan patroli di Jl. Perdana, monitoring perkembangan situasi ma‚Ä¶ https://t.co/KN814yXWzU",RESORPONTIANAK
2020-12-02 07:01:08,"RT @bankmandiri: Sahabat, ikuti Mandiri Webinar Series ""Dunia Pasca Covid, Ada Apa dengan 2021"" pada :
Hari : Rabu, 2 Desember 2020
Pukul :‚Ä¶",RosWr
2020-12-02 07:01:07,Peningkatan digitalisasi oleh Telkom dan biofarma agar  memastikan proses vaksinasi covid berjalan maksimal‚Ä¶ https://t.co/3N3S1IYoJA,akun_fitri01
2020-12-02 07:01:04,Sistem 1 data merupakan faktor terpenting dlm penanganan Covid-19. #SatuDataVaksinasi https://t.co/Pne5viuFqK,Anyirpisan
2020-12-02 07:01:04,"Pilkada sebentar lagi akan berlangsung, Ayo Wujudkan Pilkada Aman, Damai, Sejuk dan Sehat dengan Tetap Menerapkan P‚Ä¶ https://t.co/yTVk9cvwHy",KalibaruPolsek
2020-12-02 07:01:04,"Kapolri Dikabarkan Positif Covid-19, Kadiv Humas :¬†Hoax! https://t.co/yE6GL4ONWR",BorobudurNews_
2020-12-02 07:01:04,"barusan dapat info dari temen, suami-istri pegawai di Kemkes yang positif Covid-19. Sampai sekarang Kantor Kemkes s‚Ä¶ https://t.co/1xmUWMq5Sp",aik_arif
2020-12-02 07:01:04,"Sobat BUMN, Pemerintah memanfaatkan teknologi untuk otomatisasi dalam pelaksanaan Vaksinasi Covid-19. Hal ini diper‚Ä¶ https://t.co/3EI3MWIeGg",dahanaindonesia
2020-12-02 07:01:03,"Pilkada sebentar lagi akan berlangsung, Ayo Wujudkan Pilkada Aman, Damai, Sejuk dan Sehat dengan Tetap Menerapkan P‚Ä¶ https://t.co/ebwjBHy4IG",SRIKURNIASARIC2
2020-12-02 07:01:01,"@alfredkee2017 In my case, padahal pihak kampus yang menyarankan buat komunikasi via daring. Apalagi emang kampusku‚Ä¶ https://t.co/VihigSXR9b",YUMMYGUCHY
2020-12-02 07:01:00,mengintegrasikan data dari berbagai sumber menjadi satu data merupakan tujuan utama dalam membangun sistem informas‚Ä¶ https://t.co/nFFw9S92nS,Almeera24783262
2020-12-02 07:00:58,@puspadaryanavvv @AhmadNa65899867 @JhonaMerah @aniesbaswedan Wkwkwkwkwk binggung sendiri dia. Ahli virus kita dr Ho‚Ä¶ https://t.co/biJseKTJM6,kal_khun
2020-12-02 07:00:58,Mayoritas masyarakat di Indonesia siap di di vaksin covid-19 #SatuDataVaksinasi https://t.co/jRO0x0kAeL,Pedasgurih2
2020-12-02 07:00:56,"Pilkada sebentar lagi akan berlangsung, Ayo Wujudkan Pilkada Aman, Damai, Sejuk dan Sehat dengan Tetap Menerapkan P‚Ä¶ https://t.co/desbip9now",Yusuf34887337
2020-12-02 07:00:56,RT @erdina_zullaika: Hospital batu pahat akan digunakan untuk hospital covid bermula malam ini. Hospital permai dan kluang dah penuh. Yang‚Ä¶,helliesshisha
2020-12-02 07:00:53,"Peduli Warga Terpapar Covid-19, Kapolres Batu Berikan Bantuan Ratusan Paket Sembako | MEMO online https://t.co/kIRiUS2gK9",udiens_
2020-12-02 07:00:52,"Pilkada sebentar lagi akan berlangsung, ayo wujudkan Pilkada aman, damai, sejuk dan sehat dengan tetap menerapkan p‚Ä¶ https://t.co/N5CbW95DkK",RudyCalces
2020-12-02 07:00:50,"RT @MCAOps: Habib Rizieq: ""Semoga para umara kita, para ulama kita yang positif Corona belakangan ini, semoga mereka semua disembuhkan oleh‚Ä¶",alham1970
2020-12-02 07:00:50,@ansdiyana @nursakinahrazak Punca kan covid ni? ü•≤,MaiztulMrdziah
2020-12-02 07:00:50,"Nah, makin menguatkan keyakinan publik, kan? Bisa jadi, dia sedang menunggu hasil negatif muncul, lalu keluar dari‚Ä¶ https://t.co/zY1CItdLqv",hayunala
2020-12-02 07:00:49,"Masyarakat mendukung program vaksinasi guna memutus rantai penularan covid-19
~ siCantik dr. Reisa

Rijik FPI Provo‚Ä¶ https://t.co/Cpmn6hFoCT",arintiafeni
2020-12-02 07:00:47,"Berkat Rizieq, ada istilah baru. Biasanya, hasil tes Covid-19 hanya ada dua, yaitu positif dan negatif. Sekarang ta‚Ä¶ https://t.co/DvJvVMRdXm",hayunala
2020-12-02 07:00:45,"RT @VeritasArdentur: IgM sudah hilang, IgG sudah terbentuk dg clear.

Meaning: sudah ada anti covid di dlm darah.

Ini kalau ada yg butuh k‚Ä¶",AEPishere
2020-12-02 07:00:45,"Sebagai produsen, bio Farma akan memastikan keamanan dari vaksin  covid-19 #SatuDataVaksinasi https://t.co/7OvXfJsRh6",manispokoknya
2020-12-02 07:00:45,"Dewan Pers memberikan apresiasi kpd pemerintah dlm penanganan virus covid-19

Rijik FPI Provokator Pandemi‚Ä¶ https://t.co/ItdtFZfPq5",arintiafeni
2020-12-02 07:00:43,"RT @detikcom: Empat Rancangan Peraturan Daerah (Raperda) prakarsa pemerintah Musi Banyuasin, Sumatera Selatan resmi disetujui menjadi Perat‚Ä¶",dielaraditya
2020-12-02 07:00:43,RT @republikaonline: Sistem infrastruktur digital ini merupakan hasil kolaborasi Bio Farma dan Telkom. https://t.co/4Pz64yameH,Santoso49656758
2020-12-02 07:00:42,Persiapan Komprehensif Pemerintah untuk vaksinasi covid-19 dengan menyiapkan sistem distribusi dan pendataan‚Ä¶ https://t.co/Am4Zd8TgCu,keteuoprak
2020-12-02 07:00:42,"Karena datanya tidak real time

#IDNTimesJatim

https://t.co/xHLmez8rP9",IDNTimesJatim
2020-12-02 07:00:41,"Pilkada sebentar lagi akan berlangsung, Ayo Wujudkan Pilkada Aman, Damai, Sejuk dan Sehat dengan Tetap Menerapkan P‚Ä¶ https://t.co/tShU1GAMnq",niakechenk
2020-12-02 07:00:39,"Pilkada sebentar lagi akan berlangsung, Ayo Wujudkan Pilkada Aman, Damai, Sejuk dan Sehat dengan Tetap Menerapkan P‚Ä¶ https://t.co/s3Bv3Prjnv",Dwi30362744
2020-12-02 07:00:39,Saat ini pemerintah sedang berupaya menyiapkan sistem satu data vaksinasi covid 19 dengan mengembangkan aplikasi ya‚Ä¶ https://t.co/gbcusWJSRE,kaca_kripik
2020-12-02 07:00:39,RT @erdina_zullaika: Hospital batu pahat akan digunakan untuk hospital covid bermula malam ini. Hospital permai dan kluang dah penuh. Yang‚Ä¶,amadnazrin
2020-12-02 07:00:37,"RT @JaPenWPKL: üî∂ Sekitar Setapak Sentral
üî∂ Residensi Platinum Teratai
üî∂ Teratai Mewah Kondominium
üî∂ Taman Setapak
üî∂ Taman Ibu Kota 

Fokus‚Ä¶",AwieIndra
2020-12-02 07:00:37,"Sumber daya manusia Indonesia sudah siap laksanakan vaksinasi covid-19

Rijik FPI Provokator Pandemi‚Ä¶ https://t.co/0hDusEYGTV",arintiafeni
2020-12-02 07:00:36,"RT @ProfesorZubairi: Ketika saya temukan kasus pertama AIDS (1983), Pemerintah saat itu menyangkal. Mereka bilang, orang Indonesia mustahil‚Ä¶",aerofighter
2020-12-02 07:00:36,@tanyainrl üòÄüòÄ yaudah biar semuanya stop penyebaran covid https://t.co/0n4FcWXw2M,akaashee_
2020-12-02 07:00:35,"70 Persen Penduduk Bakal Divaksin Covid-19 Sepanjang 2021, Erick Thohir: Kita Ikuti Standar¬†WHO https://t.co/qIsQMFpca6",soenardo
2020-12-02 07:00:34,"Karena datanya tidak real time

#IDNTimesJatim

https://t.co/AqBf2CefLf",idntimes
2020-12-02 07:00:31,@aniesbaswedan @dinkesJKT @RSUDPasarMinggu @DKIJakarta Smga scptya berakhir pnyakit covid ini pseht sllu buat mu pk @aniesbaswedan,Anakakhirzaman1
2020-12-02 07:00:29,RT @erdina_zullaika: Hospital batu pahat akan digunakan untuk hospital covid bermula malam ini. Hospital permai dan kluang dah penuh. Yang‚Ä¶,Riseandshine_2
2020-12-02 07:00:28,"RT @RakyatMerdeka99: Erick Thohir: Tahap Awal, Vaksin Covid-19 Disalurkan Bertahap Ke 75 Juta Orang

@KemenBUMN @erickthohir #Vaksin #Coron‚Ä¶",EkonomiTerkini
2020-12-02 07:00:27,"@Blizzss Kuna zaidi ya tusichokijua hapa! Though covid-19 imeharibu mambo mengi, hivi Mrema leo afufuke akute hotel yake imekuwa hostel üòÅüòÅüòÅüòÅ",Kelvinzone
2020-12-02 07:00:24,Pemerintah mempertimbangkan berbagai aspek dlm pelaksanaan vaksinasi covid-19 dari logistik hingga sumber daya manu‚Ä¶ https://t.co/TGB5HoXiES,arintiafeni
2020-12-02 07:00:24,Bangsa yang besar adalah bangsa yang tetap menjalankan agenda politik di tengah kasus covid yang kian pelik.,northerncsl
2020-12-02 07:00:22,Pemerintah siapkan sistem satu data vaksinasi covid-19 #SatuDataVaksinasi https://t.co/J3SCGhSvPW,Cantika808
2020-12-02 07:00:22,"RT @seruanhl: Kalau Rijik betul tidak positif, lantas kenapa dia kabur dari RS dan takut diperiksa oleh satgas covid?

Rijik FPI Provokator‚Ä¶",tjhinfar21
2020-12-02 07:00:21,"DPR RI dan masyarakat dukung vaksinasi guna memutus rantai penularan covid-19

Rijik FPI Provokator Pandemi‚Ä¶ https://t.co/d9blZt18be",arintiafeni
2020-12-02 07:00:19,"@LisaAmartatara3 Covid sudah ada dibilang ga ada..uda korban banyak manusia berjatuhan.. 
Gimana sih mau GA percaya‚Ä¶ https://t.co/1qvv2SDvzE",langityang7
2020-12-02 07:00:18,RT @erdina_zullaika: Hospital batu pahat akan digunakan untuk hospital covid bermula malam ini. Hospital permai dan kluang dah penuh. Yang‚Ä¶,_yanad3l
2020-12-02 07:00:17,Apa yang dapat dilakukan oleh UKM untuk bertahan selama pandemi COVID-19?https://t.co/cglzrv8xno https://t.co/rc1KTRS8m0,the_marketeers
2020-12-02 07:00:16,"Kalender 2020 ku
Januari-
black hole-
Covid-
Kpop-
Desember

Tapi entah mengapa berasa sangat lama di thn 2020 ini",octhasekar95
2020-12-02 07:00:13,"Pilkada sebentar lagi akan berlangsung, Ayo Wujudkan Pilkada Aman, Damai, Sejuk dan Sehat dengan Tetap Menerapkan P‚Ä¶ https://t.co/UFtPTdUyYG",siwaspolreslmj1
2020-12-02 07:00:12,"RT @JapenSarawak: Inisiatif Kementerian Pelancongan, Seni dan Budaya Malaysia dalam memperkasakan industri kraf pasca COVID-19. 

#sodiakro‚Ä¶",BujanglambirJP
2020-12-02 07:00:11,Pentingnya satu data vaksinasi covid-19 dalam rangka mecegah timbulnya zona abu-abu atau munculnya oknum yang ingin‚Ä¶ https://t.co/iIfos5voDS,choocowaffle
2020-12-02 07:00:09,RT @aik_arif: Rumah sakit dah penuh. Jaga protokol kesehatan. Jangan tertular...Covid-19. Jaga diri dan orang lain. https://t.co/JwzeRWcGT3,mafububu
2020-12-02 07:00:08,"@jenk__kelin @PolhukamRI @DivHumas_Polri Keputusan apapun akan membawa resiko.
Terutama dari wakil rakyat.

Tetapi‚Ä¶ https://t.co/DN7gOCQaGy",RelawanUMKM
2020-12-02 07:00:08,5 tujuan utama dalam membangun sistem informasi pelaksanaan vaksin covid-19 #SatuDataVaksinasi https://t.co/2jYCn5Aey7,Kermitcaem
2020-12-02 07:00:05,Pemerintah memanfatkan teknologi untuk mengotomatisasi pelaksanaan vaksinasi COVID-19. Tujuan penggunaan teknologi‚Ä¶ https://t.co/sWcmdgeu6U,penawarmood
2020-12-02 07:00:05,"Setelah personel UP10TIOn lainnya yakni Kogyeol diketahui positif, kini Yiren dan Sihyeon EVERGLOW juga telah dipas‚Ä¶ https://t.co/bkxR8uWFcv",zetizenbatam
2020-12-02 07:00:04,ITAGI : Uji klinik vaksin Covid-19 fase tiga di Bandung diawasi ketat oleh BPOM https://t.co/JPoHq352xr #VaksinCorona,KontanNews
2020-12-02 07:00:03,"Cegah Penyebaran COVID-19, Denmark Bakal Gali Kuburan Massal Si Cerpelai Zombie https://t.co/BBxF72luOX

Cari berit‚Ä¶ https://t.co/NFO3ugP4m7",Yahoo_ID
2020-12-02 07:00:01,Menteri BUMN Erick Thohir menyatakan pelaksanaan vaksinasi Covid-19 dilakukan secara transparan. PT Bio Farma (Pers‚Ä¶ https://t.co/9YyqzXJFK9,giewahyudi
2020-12-02 07:00:01,ketua pelaksana komite penanganan covid 19 dan pemulihan ekonomi nasional Erick Thohir mengatakan pelaksanaan vaksi‚Ä¶ https://t.co/33R4PQtypc,Fikha333
2020-12-02 07:00:01,Peningkatan digitalisasi yang dilakukan Bio Farma memastikan proses vaksinasi covid bisa berjalan maksimal‚Ä¶ https://t.co/bq4ol6jBGa,Hanip024
2020-12-02 07:00:01,@aimanium Covid ni mcm tak boleh hilang.. kita just kene hidup dengan dia bersama norma baharu ü§°ü§°,monshotlynz123
2020-12-02 07:00:01,tujuan utama sistem pelaksanaan informasi covid-19 adalah menyaring Menyaring data individu penerima vaksin priorit‚Ä¶ https://t.co/Ut4ahIrHmQ,Israayeay
2020-12-02 07:00:01,"#TNItegasRakyatDukung

Cieee..., minta maap üòÖüòÖ
Kliatan bijaksana sekalee.., aslinya gitu ga yaa...?? 

Jadi sekaran‚Ä¶ https://t.co/Xgg14tuDbC",DoodlesRPEnt
2020-12-02 07:00:00,Ketua pelaksana komite penanganan Covid-19 dan pemulihan ekonomi nasional akan menerapkan program‚Ä¶ https://t.co/eZgCY6sgjk,WHerliaana
2020-12-02 07:00:00,Pemerintah memanfaatkan teknologi untuk mengotomatisasi pelaksanaan vaksinasi covid-19. Tujuan penggunaan teknologi‚Ä¶ https://t.co/nOZOCIMtSm,florryn0005
2020-12-02 07:00:00,"Pemerintah saat ini tengah membuat sistem informasi satu data vaksin covid-19 yang dikerjakan oleh 2 BUMN, telkom d‚Ä¶ https://t.co/JenOXp0DQv",daish02
2020-12-02 07:00:00,"Bagaimana mengatur keuangan yang tepat? Yuk dapetin langsung insightnya dari Kak Tejasari CFP, Financial Planner.
https://t.co/JXWuqDQzaT",YoungOnTop
2020-12-02 07:00:00,"Ini dia 5 tujuan utama dalam membangun sistem informasi pelaksanaan vaksin covid-19 #SatuDataVaksinasi
üëáüëáüëáüëáüëáüëá https://t.co/BvRjNb8A28",kuning04telur
2020-12-02 07:00:00,"Masyarakat mendukung vaksinasi guna memutus mata rantai penularan covid-19

Rijik FPI Provokator Pandemi‚Ä¶ https://t.co/ik1AhLe5ON",KogoyaMartha
2020-12-02 07:00:00,Sistem satu data merupakan faktor terpenting dalam penanganan covid-19. #SatuDataVaksinasi https://t.co/SalTdbPA8f,ananana8_
2020-12-02 07:00:00,Peningkatan digitalisasi yang di lakukan Bio farma memastikan proses vaksinasi covid bisa berjalan maksimal‚Ä¶ https://t.co/tVbTXW13we,AdindaaOcitt
2020-12-02 07:00:00,"5 tujuan utama dalam membangun sistem informasi pelaksanaan covid-19
#SatuDataVaksinasi https://t.co/elCEXSXhIl",Genlang023
2020-12-02 07:00:00,Satu data vaksinasi sangat penting dalam rangka mencegah timbulnya zona abu-abu atau munculnya oknum yg menyalahgun‚Ä¶ https://t.co/SMBvaxEmoY,Azizi12624992
2020-12-02 07:00:00,"Perintah memanfaatkan teknologi untuk mengotomatisasi pelaksanaan  vaksinasi covid-19
 #SatuDataVaksinasi https://t.co/ozp5DFJRn1",Fristy333
2020-12-02 07:00:00,Penting nya satu data vaksinasi covid-19 dalam mencegah timbulnya zona abu2 #SatuDataVaksinasi https://t.co/KyHqVTleLP,Nunanano2
2020-12-02 07:00:00,"Sebagai pihak produsen dan distributor  vaksin covid-19, Bio Farma akan memastikan keamanan hingga ketersediaan vak‚Ä¶ https://t.co/BruKXiSrv1",muachh03
2020-12-02 07:00:00,Pemerintah saat ini membuat sistem informasi satu data vaksin covid-19 yang dikerjakan 2 BUMN biofarma dan Telkom‚Ä¶ https://t.co/SXzWNOpBRE,Viviundia
2020-12-02 07:00:00,"RT @JapenSarawak: Penemuan vaksin COVID-19 faktor utama penurunan mendadak harga emas

https://t.co/ctfDFdaFqv 

#sodiakroks https://t.co/4‚Ä¶",BujanglambirJP
2020-12-02 07:00:00,"Larangan atau pembatasan peresepan psikotropika lewat telepsikiatri, syarat pemberian obat psikotropika, dan macam‚Ä¶ https://t.co/S3VTPJoN76",alomedika
2020-12-02 07:00:00,"Berawal dari keprihatinan akibat pandemi, terbentuklah kelompok Ibu Siaga COVID-19 yang didukung Pertamina Refinery‚Ä¶ https://t.co/RlM2YhPj1e",kumparan
2020-12-02 07:00:00,"RT @seruanhl: Kalau Rijik betul tidak positif, lantas kenapa dia kabur dari RS dan takut diperiksa oleh satgas covid?

Rijik FPI Provokator‚Ä¶",LILApama2011
